{"stat.pickup.exnihiloadscensio.blockBarrel0":4,"stat.pickup.minecraft.wooden_slab":11,"stat.leaveGame":1,"stat.pickup.minecraft.flint":1,"stat.climbOneCm":2707,"achievement.buildWorkBench":1,"stat.useItem.exnihiloadscensio.itemSeedAcacia":1,"stat.useItem.minecraft.dirt":21,"achievement.exploreAllBiomes":{"value":0,"progress":["Forest","Plains"]},"stat.craftItem.exnihiloadscensio.silkwormCooked":16,"stat.mineBlock.minecraft.wooden_slab":27,"stat.useItem.exnihiloadscensio.itemSeedBirch":1,"stat.useItem.exnihiloadscensio.blockBarrel0":12,"stat.flyOneCm":4096,"stat.craftItem.exnihiloadscensio.blockBarrel0":8,"stat.craftItem.minecraft.wooden_slab":198,"stat.useItem.harvestcraft.donutItem":1,"stat.craftItem.minecraft.wooden_hoe":1,"stat.timeSinceDeath":33801,"stat.mineBlock.actuallyadditions.blockTinyTorch":2,"stat.useItem.minecraft.wooden_slab":160,"stat.pickup.integrateddynamics.on_the_dynamics_of_integration":1,"stat.pickup.excompressum.heavy_sieve":2,"stat.useItem.excompressum.heavy_sieve":3,"stat.furnaceInteraction":4,"stat.craftItem.exnihiloadscensio.itemMesh":3,"stat.pickup.minecraft.string":69,"stat.craftItem.excompressum.compressed_crook":1,"achievement.mineWood":83,"stat.craftItem.excompressum.heavy_sieve":1,"stat.sprintOneCm":58017,"stat.craftItem.minecraft.stick":28,"achievement.openInventory":41,"achievement.environmentaltech.open_guide":2,"stat.mineBlock.minecraft.crafting_table":1,"stat.useItem.exnihiloadscensio.itemSeedDarkOak":1,"stat.mineBlock.minecraft.planks":2,"stat.deaths":1,"stat.drop":5,"stat.mineBlock.simpleachievements.achievement_stand":1,"stat.playOneMinute":137314,"stat.craftItem.excompressum.wooden_crucible":2,"stat.useItem.exnihiloadscensio.itemSeedSpruce":1,"stat.useItem.exnihiloadscensio.itemSeedJungle":1,"stat.pickup.exnihiloadscensio.itemMesh":2,"stat.chestOpened":130,"stat.pickup.tconstruct.tooltables":1,"stat.useItem.exnihiloadscensio.itemMaterial":1,"achievement.buildHoe":1,"stat.mineBlock.exnihiloadscensio.blockInfestedLeaves":53,"stat.pickup.minecraft.gravel":1,"stat.pickup.exnihiloadscensio.itemSeedSpruce":1,"stat.useItem.minecraft.apple":4,"stat.pickup.exnihiloadscensio.itemSeedBirch":1,"stat.drop.minecraft.flint":1,"stat.breakItem.excompressum.compressed_crook":2,"stat.pickup.exnihiloadscensio.itemPebble":29,"stat.pickup.tconstruct.hatchet":1,"stat.jump":150,"stat.fallOneCm":1297,"stat.useItem.tconstruct.tooltables":1,"stat.pickup.excompressum.compressed_crook":3,"stat.crouchOneCm":4048,"stat.craftItem.minecraft.chest":1,"stat.pickup.minecraft.dirt":30,"stat.craftingTableInteraction":1,"stat.useItem.minecraft.sapling":40,"stat.mineBlock.exnihiloadscensio.blockBarrel0":4,"stat.mineBlock.tconstruct.tooltables":1,"stat.pickup.minecraft.leaves":9,"stat.mineBlock.minecraft.leaves2":140,"stat.useItem.actuallyadditions.blockTinyTorch":1,"stat.mineBlock.minecraft.log2":15,"stat.damageTaken":320,"stat.craftItem.exnihiloadscensio.crookWood":4,"stat.mineBlock.minecraft.torch":8,"stat.pickup.exnihiloadscensio.itemMaterial":52,"stat.useItem.excompressum.compressed_crook":1313,"stat.mineBlock.minecraft.sapling":5,"stat.pickup.minecraft.log2":15,"stat.pickup.minecraft.planks":3,"stat.pickup.minecraft.wheat_seeds":1,"stat.mineBlock.minecraft.gravel":1,"stat.damageDealt":68,"stat.craftItem.minecraft.oak_stairs":4,"stat.useItem.minecraft.crafting_table":2,"stat.mineBlock.minecraft.dirt":9,"stat.mineBlock.excompressum.heavy_sieve":2,"stat.walkOneCm":264204,"stat.useItem.minecraft.torch":7,"stat.useItem.minecraft.chest":1,"stat.pickup.minecraft.crafting_table":1,"stat.craftItem.minecraft.crafting_table":1,"stat.useItem.minecraft.gravel":1,"stat.mineBlock.exnihiloadscensio.blockSieve":1,"ftbl.stat.last_seen":{"value":0,"progress":1556102220388},"stat.pickup.minecraft.log":193,"stat.useItem.exnihiloadscensio.blockSieve":1,"stat.drop.excompressum.compressed_crook":2,"stat.pickup.exnihiloadscensio.blockSieve":1,"stat.drop.minecraft.sapling":1,"stat.pickup.minecraft.sapling":277,"stat.pickup.minecraft.apple":3,"stat.useItem.exnihiloadscensio.silkwormCooked":7,"stat.craftItem.minecraft.planks":264,"ftbl.stat.first_joined":{"value":0,"progress":1556096133980},"stat.mineBlock.minecraft.log":188,"stat.useItem.excompressum.wooden_crucible":2,"stat.pickup.actuallyadditions.blockTinyTorch":2,"stat.mineBlock.minecraft.leaves":1304,"stat.pickup.minecraft.torch":7,"stat.drop.tconstruct.hatchet":1,"stat.sneakTime":3221,"stat.craftItem.minecraft.cobblestone":7,"stat.useItem.tconstruct.hatchet":298}