{"stat.chestOpened":132,"stat.pickup.exnihiloadscensio.itemSeedJungle":1,"stat.pickup.exnihiloadscensio.blockBarrel0":2,"stat.craftItem.minecraft.ladder":6,"stat.pickup.minecraft.gravel":28,"stat.mineBlock.minecraft.cobblestone":15,"stat.pickup.exnihiloadscensio.itemSeedSpruce":1,"stat.pickup.minecraft.flint":3,"stat.useItem.simpleachievements.achievement_stand":2,"stat.useItem.minecraft.apple":12,"stat.pickup.exnihiloadscensio.itemSeedBirch":2,"stat.breakItem.excompressum.compressed_crook":1,"stat.pickup.exnihiloadscensio.itemPebble":67,"stat.useItem.minecraft.clay":2,"stat.craftItem.minecraft.coal":7,"stat.pickup.exnihiloadscensio.itemOreNickel":1,"stat.useItem.woodenshears.wshears":152,"stat.jump":325,"stat.useItem.minecraft.sand":10,"stat.fallOneCm":1649,"stat.useItem.tconstruct.tooltables":5,"stat.useItem.minecraft.planks":211,"stat.climbOneCm":8253,"stat.craftItem.actuallyadditions.blockTinyTorch":24,"achievement.buildWorkBench":1,"stat.crouchOneCm":17414,"stat.craftItem.simpleachievements.achievement_stand":1,"stat.craftItem.minecraft.chest":4,"stat.craftItem.minecraft.torch":4,"stat.pickup.minecraft.dirt":25,"stat.useItem.minecraft.dirt":4,"achievement.exploreAllBiomes":{"value":0,"progress":["Forest","Plains"]},"stat.pickup.minecraft.leaves2":8,"stat.craftingTableInteraction":6,"stat.pickup.minecraft.sand":10,"stat.craftItem.minecraft.furnace":1,"stat.useItem.minecraft.sapling":25,"stat.mineBlock.exnihiloadscensio.blockBarrel0":2,"stat.pickup.minecraft.leaves":130,"stat.craftItem.tconstruct.pattern":12,"stat.useItem.actuallyadditions.blockTinyTorch":16,"stat.mineBlock.minecraft.leaves2":16,"stat.breakItem.woodenshears.wshears":4,"stat.damageTaken":80,"stat.craftItem.exnihiloadscensio.crookWood":16,"stat.mineBlock.minecraft.torch":2,"stat.pickup.exnihiloadscensio.itemMaterial":34,"stat.useItem.minecraft.furnace":1,"stat.pickup.exnihiloadscensio.itemSeedDarkOak":1,"stat.useItem.excompressum.compressed_crook":987,"stat.mineBlock.minecraft.sapling":1,"stat.pickup.minecraft.dye":2,"stat.pickup.minecraft.planks":4,"stat.mineBlock.minecraft.clay":2,"stat.useItem.exnihiloadscensio.blockBarrel0":3,"stat.flyOneCm":1711,"stat.pickup.exnihiloadscensio.itemOreIron":1,"stat.pickup.minecraft.wheat_seeds":3,"stat.mineBlock.minecraft.sand":10,"stat.craftItem.exnihiloadscensio.blockBarrel0":1,"stat.mineBlock.minecraft.gravel":26,"stat.craftItem.minecraft.wooden_slab":78,"stat.craftItem.exnihiloadscensio.blockSieve":1,"stat.pickup.simpleachievements.achievement_stand":1,"stat.timeSinceDeath":142960,"stat.useItem.exnihiloadscensio.hammerWood":38,"stat.mineBlock.minecraft.dirt":3,"stat.useItem.minecraft.wooden_slab":85,"stat.pickup.integrateddynamics.on_the_dynamics_of_integration":1,"stat.pickup.exnihiloadscensio.itemSeedAcacia":1,"stat.walkOneCm":374944,"stat.useItem.minecraft.torch":8,"stat.craftItem.exnihiloadscensio.hammerWood":1,"stat.useItem.minecraft.chest":3,"stat.pickup.exnihiloadscensio.itemOreGold":1,"stat.pickup.minecraft.crafting_table":1,"stat.pickup.minecraft.clay_ball":8,"stat.useItem.minecraft.cobblestone":15,"stat.craftItem.minecraft.crafting_table":1,"stat.furnaceInteraction":12,"stat.useItem.minecraft.gravel":26,"ftbl.stat.last_seen":{"value":0,"progress":1556095920481},"stat.pickup.minecraft.string":3,"stat.pickup.minecraft.log":137,"stat.craftItem.excompressum.compressed_crook":4,"stat.useItem.exnihiloadscensio.blockSieve":1,"stat.pickup.exnihiloadscensio.itemOreSilver":2,"stat.drop.excompressum.compressed_crook":1,"stat.drop.minecraft.planks":1,"stat.drop.minecraft.sapling":13,"achievement.mineWood":55,"stat.pickup.minecraft.sapling":125,"stat.craftItem.tconstruct.tooltables":5,"stat.sprintOneCm":22877,"stat.pickup.exnihiloadscensio.itemOreCopper":2,"stat.pickup.minecraft.apple":19,"stat.useItem.minecraft.fence":17,"stat.craftItem.minecraft.stick":128,"achievement.openInventory":177,"stat.craftItem.minecraft.planks":372,"stat.craftItem.minicoal.miniCharcoal":48,"achievement.environmentaltech.open_guide":2,"stat.mineBlock.minecraft.fence":1,"stat.mineBlock.minecraft.crafting_table":1,"stat.pickup.exnihiloadscensio.blockDust":10,"stat.mineBlock.minecraft.log":142,"ftbl.stat.first_joined":{"value":0,"progress":1556095920481},"stat.craftItem.minecraft.fence":18,"stat.craftItem.woodenshears.wshears":4,"stat.mineBlock.minecraft.planks":4,"stat.drop":15,"stat.mineBlock.minecraft.leaves":1440,"stat.playOneMinute":142960,"stat.pickup.minecraft.torch":3,"stat.useItem.minecraft.ladder":4,"stat.sneakTime":5237,"stat.craftItem.exnihiloadscensio.itemMaterial":2,"stat.craftItem.minecraft.cobblestone":16,"stat.useItem.tconstruct.hatchet":285,"stat.pickup.exnihiloadscensio.itemMesh":1}